1, John, Doe,john@example.com,123 Main St
2, Kristina,Joline,joline@mail.com,123 Main St
3, Julia,Hormons,julia@gmail.com,123 Main St
4, Ermal, Murdoch,ermal@example.com,987 Elm St5
5, Wu, Xiao,wuxiao@example.com,221 Glen St6, 
6, Abdel, Josh,abdel@example.com,337 Glen St