1, John, Doe,john@example.com,123 Main St
3, Julia,Hormons,julia@gmail.com,123 Main St
4, Ermal, Murdoch,ermal@example.com,987 Elm St5
5, Xu, Yan,Xuyan@example.com,221 Glen St6
6, David, Murdoch,david@hotmail.com,098 Wege St
7, Alice, Smith,alice@example.com,456 Elm St
8, David, Murdoch,david@example.com,357 Elen St
9, Vera, Chang,vera@hotmail.com,098 Wege St
10, Alice, Johnson,alice@email.com,456 Elm Avenue
11, Michael, Brown,brown@email.com,789 Oak Road
12, Emily, Davis,davis@email.com,101 Pine Lane
13, William, Anderson,william@email.com,444 Maple Way
14, Jennifer, Miller,jennifer@email.com, 555 Spruce Street
15, David, Martin,david.martin@email.com,666 Fir Avenue
16, Jessica, Taylor,jessica@email.com,123 Main Street
17, Jussi, Tyri,jussi@email.com,123 Main Street
18, Tracy, Chang,tracy@email.com,123 Main Street
